Physics::Units_And_Measurement	4A	Translational motion, forces, work, energy, and equilibrium in living systems
Physics::Kinematics	4A	Translational motion, forces, work, energy, and equilibrium in living systems
Physics::Newtons_Laws	4A	Translational motion, forces, work, energy, and equilibrium in living systems
Physics::Force_Equilibrium	4A	Translational motion, forces, work, energy, and equilibrium in living systems
Physics::Work_And_Energy	4A	Translational motion, forces, work, energy, and equilibrium in living systems
Physics::Momentum_And_Impulse	4A	Translational motion, forces, work, energy, and equilibrium in living systems
Physics::Rotational_Motion	4A	Translational motion, forces, work, energy, and equilibrium in living systems
Physics::Periodic_Motion	4A	Translational motion, forces, work, energy, and equilibrium in living systems
Physics::Waves	4A	Translational motion, forces, work, energy, and equilibrium in living systems
Physics::Sound	4D	How light and sound interact with matter
Physics::Fluid_Statics	4B	Importance of fluids for the circulation of blood, gas movement, and gas exchange
Physics::Fluid_Dynamics	4B	Importance of fluids for the circulation of blood, gas movement, and gas exchange
Physics::Thermodynamics	5E	Principles of chemical thermodynamics and kinetics
Physics::Electrostatics	4C	Electrochemistry and electrical circuits and their elements
Physics::Electrical_Circuits	4C	Electrochemistry and electrical circuits and their elements
Physics::Circuit_Elements	4C	Electrochemistry and electrical circuits and their elements
Physics::Magnetism	4C	Electrochemistry and electrical circuits and their elements
Physics::Electromagnetic_Radiation	4D	How light and sound interact with matter
Physics::Geometric_Optics	4D	How light and sound interact with matter
Physics::Physical_Optics	4D	How light and sound interact with matter
Physics::Atomic_Structure	4E	Atoms, nuclear decay, electronic structure, and atomic chemical behavior
Physics::Nuclear_Physics	4E	Atoms, nuclear decay, electronic structure, and atomic chemical behavior
Physics::Circulatory_Hemodynamics	4B	Importance of fluids for the circulation of blood, gas movement, and gas exchange
Physics::Gas_Exchange_And_Respiration_Physics	4B	Importance of fluids for the circulation of blood, gas movement, and gas exchange
Physics::Optics_Of_The_Eye	4D	How light and sound interact with matter
Physics::Bioelectricity	4C	Electrochemistry and electrical circuits and their elements
